ID,label
1,Bakso
2,Bakso
3,Bakso
4,Gado Gado
5,Nasi Goreng
6,Nasi Goreng
7,Nasi Goreng
8,Bakso
9,Bakso
10,Nasi Goreng
11,Gado Gado
12,Bakso
13,Gado Gado
14,Bakso
15,Gado Gado
16,Bakso
17,Gado Gado
18,Nasi Goreng
19,Nasi Goreng
20,Nasi Goreng
21,Nasi Goreng
22,Bakso
23,Bakso
24,Bakso
25,Nasi Goreng
26,Nasi Goreng
27,Rawon
28,Nasi Goreng
29,Nasi Goreng
30,Nasi Goreng
31,Bakso
32,Nasi Goreng
33,Bakso
34,Bakso
35,Nasi Goreng
36,Gado Gado
37,Nasi Goreng
38,Rawon
39,Nasi Goreng
40,Bakso
41,Bakso
42,Gado Gado
43,Rawon
44,Bakso
45,Rawon
46,Bakso
47,Bakso
48,Nasi Goreng
49,Bakso
50,Bakso
51,Nasi Goreng
52,Bakso
53,Bakso
54,Nasi Goreng
55,Bakso
56,Bakso
57,Nasi Goreng
58,Bakso
59,Nasi Goreng
60,Nasi Goreng
61,Bakso
62,Bakso
63,Rawon
64,Nasi Goreng
65,Gado Gado
66,Bakso
67,Nasi Goreng
68,Bakso
69,Nasi Goreng
70,Nasi Goreng
71,Rawon
72,Bakso
73,Nasi Goreng
74,Nasi Goreng
75,Bakso
76,Rawon
77,Nasi Goreng
78,Bakso
79,Bakso
80,Nasi Goreng
81,Rawon
82,Bakso
83,Nasi Goreng
84,Bakso
85,Nasi Goreng
86,Nasi Goreng
87,Bakso
88,Nasi Goreng
89,Nasi Goreng
90,Rawon
91,Nasi Goreng
92,Bakso
93,Bakso
94,Bakso
95,Nasi Goreng
96,Bakso
97,Nasi Goreng
98,Gado Gado
99,Bakso
100,Nasi Goreng
101,Bakso
102,Bakso
103,Nasi Goreng
104,Bakso
105,Bakso
106,Nasi Goreng
107,Bakso
108,Nasi Goreng
109,Nasi Goreng
110,Nasi Goreng
111,Bakso
112,Nasi Goreng
113,Nasi Goreng
114,Bakso
115,Bakso
116,Bakso
117,Nasi Goreng
118,Bakso
119,Nasi Goreng
120,Bakso
121,Nasi Goreng
122,Nasi Goreng
123,Bakso
124,Bakso
125,Nasi Goreng
126,Nasi Goreng
127,Nasi Goreng
128,Nasi Goreng
129,Nasi Goreng
130,Nasi Goreng
131,Bakso
132,Bakso
133,Bakso
134,Bakso
135,Bakso
136,Gado Gado
137,Bakso
138,Nasi Goreng
139,Bakso
140,Nasi Goreng
141,Nasi Goreng
142,Bakso
143,Rawon
144,Bakso
145,Bakso
146,Nasi Goreng
147,Rawon
148,Nasi Goreng
149,Nasi Goreng
150,Bakso
151,Bakso
152,Bakso
153,Nasi Goreng
154,Nasi Goreng
155,Nasi Goreng
156,Nasi Goreng
157,Nasi Goreng
158,Nasi Goreng
159,Nasi Goreng
160,Nasi Goreng
161,Bakso
162,Bakso
163,Bakso
164,Bakso
165,Bakso
166,Bakso
167,Nasi Goreng
168,Nasi Goreng
169,Bakso
170,Rawon
171,Bakso
172,Gado Gado
173,Rawon
174,Nasi Goreng
175,Nasi Goreng
176,Bakso
177,Bakso
178,Bakso
179,Nasi Goreng
180,Nasi Goreng
181,Nasi Goreng
182,Bakso
183,Bakso
184,Gado Gado
185,Bakso
186,Nasi Goreng
187,Nasi Goreng
188,Nasi Goreng
189,Gado Gado
190,Bakso
191,Bakso
192,Bakso
193,Nasi Goreng
194,Bakso
195,Nasi Goreng
196,Nasi Goreng
197,Bakso
198,Rawon
199,Bakso
200,Nasi Goreng
201,Rawon
202,Nasi Goreng
203,Bakso
204,Bakso
205,Nasi Goreng
206,Bakso
207,Gado Gado
208,Gado Gado
209,Bakso
210,Bakso
211,Bakso
212,Gado Gado
213,Bakso
214,Rawon
215,Nasi Goreng
216,Bakso
217,Gado Gado
218,Bakso
219,Bakso
220,Bakso
221,Bakso
222,Nasi Goreng
223,Nasi Goreng
224,Bakso
225,Rawon
226,Bakso
227,Bakso
228,Bakso
229,Bakso
230,Gado Gado
231,Nasi Goreng
232,Bakso
233,Bakso
234,Bakso
235,Nasi Goreng
236,Bakso
237,Gado Gado
238,Bakso
239,Bakso
240,Nasi Goreng
241,Gado Gado
242,Nasi Goreng
243,Gado Gado
244,Bakso
245,Bakso
246,Nasi Goreng
247,Bakso
248,Bakso
249,Nasi Goreng
250,Nasi Goreng
251,Rawon
252,Bakso
253,Nasi Goreng
254,Gado Gado
255,Bakso
256,Nasi Goreng
257,Bakso
258,Nasi Goreng
259,Gado Gado
260,Bakso
261,Nasi Goreng
262,Rawon
263,Nasi Goreng
264,Nasi Goreng
265,Nasi Goreng
266,Nasi Goreng
267,Nasi Goreng
268,Bakso
269,Nasi Goreng
270,Nasi Goreng
271,Nasi Goreng
272,Nasi Goreng
273,Nasi Goreng
274,Rawon
275,Bakso
276,Bakso
277,Bakso
278,Bakso
279,Bakso
280,Bakso
281,Nasi Goreng
282,Nasi Goreng
283,Nasi Goreng
284,Bakso
285,Nasi Goreng
286,Bakso
287,Bakso
288,Bakso
289,Bakso
290,Nasi Goreng
291,Bakso
292,Bakso
293,Bakso
294,Nasi Goreng
295,Bakso
296,Rawon
297,Nasi Goreng
298,Bakso
299,Bakso
300,Gado Gado
301,Nasi Goreng
302,Rawon
303,Bakso
304,Bakso
305,Gado Gado
306,Nasi Goreng
307,Gado Gado
308,Rawon
309,Nasi Goreng
310,Bakso
311,Bakso
312,Bakso
313,Nasi Goreng
314,Bakso
315,Nasi Goreng
316,Nasi Goreng
317,Nasi Goreng
318,Nasi Goreng
319,Rawon
320,Bakso
321,Gado Gado
322,Bakso
323,Nasi Goreng
324,Nasi Goreng
325,Nasi Goreng
326,Bakso
327,Nasi Goreng
328,Nasi Goreng
329,Bakso
330,Bakso
331,Rawon
332,Bakso
333,Gado Gado
334,Nasi Goreng
335,Gado Gado
336,Nasi Goreng
337,Gado Gado
338,Nasi Goreng
339,Nasi Goreng
340,Bakso
341,Bakso
342,Bakso
343,Bakso
344,Nasi Goreng
345,Bakso
346,Rawon
347,Rawon
348,Bakso
349,Bakso
350,Bakso
351,Bakso
352,Bakso
353,Nasi Goreng
354,Nasi Goreng
355,Rawon
356,Nasi Goreng
357,Nasi Goreng
358,Rawon
359,Gado Gado
360,Bakso
361,Bakso
362,Gado Gado
363,Rawon
364,Nasi Goreng
365,Bakso
366,Bakso
367,Bakso
368,Rawon
369,Bakso
370,Nasi Goreng
371,Bakso
372,Nasi Goreng
373,Rawon
374,Nasi Goreng
375,Bakso
376,Bakso
377,Bakso
378,Bakso
379,Rawon
380,Bakso
381,Rawon
382,Bakso
383,Bakso
384,Nasi Goreng
385,Bakso
386,Nasi Goreng
387,Nasi Goreng
388,Bakso
389,Nasi Goreng
390,Nasi Goreng
391,Nasi Goreng
392,Bakso
393,Bakso
394,Bakso
395,Nasi Goreng
396,Bakso
397,Bakso
398,Gado Gado
399,Rawon
400,Gado Gado
401,Nasi Goreng
402,Bakso
403,Gado Gado
404,Gado Gado
405,Bakso
406,Bakso
407,Bakso
408,Rawon
409,Nasi Goreng
410,Nasi Goreng
411,Nasi Goreng
412,Bakso
413,Nasi Goreng
414,Rawon
415,Gado Gado
416,Bakso
417,Bakso
418,Rawon
419,Nasi Goreng
420,Bakso
421,Bakso
422,Nasi Goreng
423,Bakso
424,Gado Gado
425,Nasi Goreng
426,Rawon
427,Nasi Goreng
428,Gado Gado
429,Bakso
430,Gado Gado
431,Nasi Goreng
432,Nasi Goreng
433,Nasi Goreng
434,Bakso
435,Bakso
436,Bakso
437,Rawon
438,Nasi Goreng
439,Bakso
440,Gado Gado
441,Bakso
442,Bakso
443,Bakso
444,Bakso
445,Rawon
446,Nasi Goreng
447,Bakso
448,Bakso
449,Bakso
450,Nasi Goreng
451,Bakso
452,Bakso
453,Gado Gado
454,Rawon
455,Bakso
456,Gado Gado
457,Bakso
458,Nasi Goreng
459,Bakso
460,Rawon
461,Bakso
462,Gado Gado
463,Nasi Goreng
464,Bakso
465,Nasi Goreng
466,Nasi Goreng
467,Nasi Goreng
468,Nasi Goreng
469,Gado Gado
470,Bakso
471,Nasi Goreng
472,Bakso
473,Bakso
474,Bakso
475,Nasi Goreng
476,Bakso
477,Rawon
478,Nasi Goreng
479,Nasi Goreng
480,Bakso
481,Nasi Goreng
482,Nasi Goreng
483,Nasi Goreng
484,Nasi Goreng
485,Nasi Goreng
486,Nasi Goreng
487,Gado Gado
488,Bakso
489,Rawon
490,Nasi Goreng
491,Bakso
492,Gado Gado
493,Rawon
494,Bakso
495,Gado Gado
496,Nasi Goreng
497,Nasi Goreng
498,Rawon
499,Bakso
500,Nasi Goreng
501,Nasi Goreng
502,Rawon
503,Bakso
504,Nasi Goreng
505,Gado Gado
506,Gado Gado
507,Nasi Goreng
508,Bakso
509,Gado Gado
510,Nasi Goreng
511,Bakso
512,Bakso
513,Nasi Goreng
514,Nasi Goreng
515,Gado Gado
516,Bakso
517,Bakso
518,Bakso
519,Bakso
520,Gado Gado
521,Rawon
522,Bakso
523,Bakso
524,Bakso
525,Bakso
526,Nasi Goreng
527,Bakso
528,Nasi Goreng
529,Nasi Goreng
530,Bakso
531,Nasi Goreng
532,Bakso
533,Gado Gado
534,Nasi Goreng
535,Bakso
536,Nasi Goreng
537,Bakso
538,Bakso
539,Bakso
540,Bakso
541,Nasi Goreng
542,Rawon
543,Bakso
544,Nasi Goreng
545,Bakso
546,Nasi Goreng
547,Nasi Goreng
548,Nasi Goreng
549,Gado Gado
550,Bakso
551,Bakso
552,Bakso
553,Gado Gado
554,Gado Gado
555,Bakso
556,Bakso
557,Bakso
558,Nasi Goreng
559,Nasi Goreng
560,Nasi Goreng
561,Nasi Goreng
562,Nasi Goreng
563,Bakso
564,Bakso
565,Nasi Goreng
566,Nasi Goreng
567,Nasi Goreng
568,Nasi Goreng
569,Bakso
570,Bakso
571,Rawon
572,Bakso
573,Bakso
574,Bakso
575,Gado Gado
576,Nasi Goreng
577,Bakso
578,Rawon
579,Bakso
580,Gado Gado
581,Nasi Goreng
582,Bakso
583,Nasi Goreng
584,Rawon
585,Bakso
586,Nasi Goreng
587,Bakso
588,Bakso
589,Nasi Goreng
590,Bakso
591,Nasi Goreng
592,Rawon
593,Nasi Goreng
594,Bakso
595,Nasi Goreng
596,Bakso
597,Bakso
598,Bakso
599,Bakso
600,Bakso
601,Nasi Goreng
602,Bakso
603,Rawon
604,Bakso
605,Bakso
606,Bakso
607,Nasi Goreng
608,Bakso
609,Nasi Goreng
610,Bakso
611,Bakso
612,Rawon
613,Gado Gado
614,Nasi Goreng
615,Bakso
616,Bakso
617,Bakso
618,Nasi Goreng
619,Nasi Goreng
620,Nasi Goreng
621,Nasi Goreng
622,Rawon
623,Nasi Goreng
624,Rawon
625,Bakso
626,Gado Gado
627,Bakso
628,Nasi Goreng
629,Bakso
630,Bakso
631,Nasi Goreng
632,Nasi Goreng
633,Rawon
634,Nasi Goreng
635,Gado Gado
636,Nasi Goreng
637,Nasi Goreng
638,Rawon
639,Bakso
640,Nasi Goreng
641,Gado Gado
642,Bakso
643,Gado Gado
644,Bakso
645,Nasi Goreng
646,Bakso
647,Rawon
648,Rawon
649,Bakso
650,Bakso
651,Nasi Goreng
652,Nasi Goreng
653,Bakso
654,Nasi Goreng
655,Bakso
656,Nasi Goreng
657,Bakso
658,Nasi Goreng
659,Nasi Goreng
660,Nasi Goreng
661,Nasi Goreng
662,Nasi Goreng
663,Bakso
664,Bakso
665,Nasi Goreng
666,Bakso
667,Bakso
668,Bakso
669,Nasi Goreng
670,Bakso
671,Bakso
672,Bakso
673,Nasi Goreng
674,Nasi Goreng
675,Nasi Goreng
676,Bakso
677,Bakso
678,Bakso
679,Bakso
680,Gado Gado
681,Nasi Goreng
682,Gado Gado
683,Bakso
684,Bakso
685,Gado Gado
686,Bakso
687,Nasi Goreng
688,Nasi Goreng
689,Bakso
690,Bakso
691,Bakso
692,Gado Gado
693,Gado Gado
694,Bakso
695,Rawon
696,Nasi Goreng
697,Bakso
698,Bakso
699,Rawon
700,Nasi Goreng
701,Nasi Goreng
702,Nasi Goreng
703,Nasi Goreng
704,Bakso
705,Nasi Goreng
706,Bakso
707,Nasi Goreng
708,Rawon
709,Bakso
710,Nasi Goreng
711,Bakso
712,Rawon
713,Bakso
714,Nasi Goreng
715,Bakso
716,Gado Gado
717,Bakso
718,Nasi Goreng
719,Nasi Goreng
720,Bakso
721,Nasi Goreng
722,Bakso
723,Bakso
724,Bakso
725,Bakso
726,Bakso
727,Nasi Goreng
728,Bakso
729,Bakso
730,Nasi Goreng
731,Bakso
732,Rawon
733,Rawon
734,Nasi Goreng
735,Bakso
736,Nasi Goreng
737,Bakso
738,Bakso
739,Nasi Goreng
740,Bakso
741,Nasi Goreng
742,Nasi Goreng
743,Gado Gado
744,Nasi Goreng
745,Bakso
746,Nasi Goreng
747,Rawon
748,Nasi Goreng
749,Nasi Goreng
750,Bakso
751,Bakso
752,Nasi Goreng
753,Bakso
754,Bakso
755,Nasi Goreng
756,Nasi Goreng
757,Bakso
758,Nasi Goreng
759,Bakso
760,Nasi Goreng
761,Gado Gado
762,Nasi Goreng
763,Nasi Goreng
764,Nasi Goreng
765,Bakso
766,Bakso
767,Nasi Goreng
768,Nasi Goreng
769,Bakso
770,Bakso
771,Bakso
772,Nasi Goreng
773,Bakso
774,Nasi Goreng
775,Gado Gado
776,Bakso
777,Gado Gado
778,Bakso
779,Nasi Goreng
780,Bakso
781,Rawon
782,Rawon
783,Gado Gado
784,Nasi Goreng
785,Gado Gado
786,Nasi Goreng
787,Rawon
788,Rawon
789,Bakso
790,Bakso
791,Nasi Goreng
792,Bakso
793,Nasi Goreng
794,Bakso
795,Gado Gado
796,Bakso
797,Bakso
798,Rawon
799,Nasi Goreng
800,Nasi Goreng
801,Gado Gado
802,Bakso
803,Bakso
804,Bakso
805,Nasi Goreng
806,Rawon
807,Bakso
808,Nasi Goreng
809,Bakso
810,Nasi Goreng
811,Gado Gado
812,Bakso
813,Nasi Goreng
814,Nasi Goreng
815,Nasi Goreng
816,Bakso
817,Bakso
818,Bakso
819,Bakso
820,Bakso
821,Rawon
822,Bakso
823,Gado Gado
824,Rawon
825,Nasi Goreng
826,Bakso
827,Bakso
828,Nasi Goreng
829,Nasi Goreng
830,Bakso
831,Bakso
832,Nasi Goreng
833,Nasi Goreng
834,Nasi Goreng
835,Gado Gado
836,Nasi Goreng
837,Bakso
838,Nasi Goreng
839,Nasi Goreng
840,Bakso
841,Bakso
842,Nasi Goreng
843,Nasi Goreng
844,Bakso
845,Rawon
846,Gado Gado
847,Bakso
848,Gado Gado
849,Nasi Goreng
850,Bakso
851,Bakso
852,Bakso
853,Bakso
854,Nasi Goreng
855,Bakso
856,Nasi Goreng
857,Bakso
858,Nasi Goreng
859,Bakso
860,Bakso
861,Nasi Goreng
862,Bakso
863,Bakso
864,Bakso
865,Nasi Goreng
866,Gado Gado
867,Nasi Goreng
868,Bakso
869,Nasi Goreng
870,Gado Gado
871,Nasi Goreng
872,Bakso
873,Gado Gado
874,Bakso
875,Bakso
876,Bakso
877,Gado Gado
878,Bakso
879,Rawon
880,Nasi Goreng
881,Gado Gado
882,Nasi Goreng
883,Nasi Goreng
884,Bakso
885,Gado Gado
886,Bakso
887,Rawon
888,Gado Gado
889,Nasi Goreng
890,Bakso
891,Nasi Goreng
892,Rawon
893,Gado Gado
894,Nasi Goreng
895,Nasi Goreng
896,Nasi Goreng
897,Nasi Goreng
898,Bakso
899,Bakso
900,Nasi Goreng
901,Rawon
902,Bakso
903,Nasi Goreng
904,Bakso
905,Bakso
906,Bakso
907,Rawon
908,Bakso
909,Nasi Goreng
910,Nasi Goreng
911,Bakso
912,Bakso
913,Nasi Goreng
914,Nasi Goreng
915,Gado Gado
916,Rawon
917,Bakso
918,Nasi Goreng
919,Bakso
920,Bakso
921,Nasi Goreng
922,Nasi Goreng
923,Bakso
924,Bakso
925,Gado Gado
926,Bakso
927,Gado Gado
928,Bakso
929,Gado Gado
930,Nasi Goreng
931,Nasi Goreng
932,Bakso
933,Nasi Goreng
934,Gado Gado
935,Gado Gado
936,Gado Gado
937,Gado Gado
938,Bakso
939,Nasi Goreng
940,Gado Gado
941,Bakso
942,Bakso
943,Nasi Goreng
944,Gado Gado
945,Nasi Goreng
946,Bakso
947,Nasi Goreng
948,Gado Gado
949,Bakso
950,Bakso
951,Bakso
952,Bakso
953,Nasi Goreng
954,Nasi Goreng
955,Nasi Goreng
956,Bakso
957,Nasi Goreng
958,Nasi Goreng
959,Nasi Goreng
960,Nasi Goreng
961,Bakso
962,Gado Gado
963,Nasi Goreng
964,Bakso
965,Nasi Goreng
966,Gado Gado
967,Bakso
968,Gado Gado
969,Bakso
970,Nasi Goreng
971,Bakso
972,Nasi Goreng
973,Bakso
974,Bakso
975,Gado Gado
976,Rawon
977,Bakso
978,Nasi Goreng
979,Nasi Goreng
980,Bakso
981,Bakso
982,Nasi Goreng
983,Rawon
984,Nasi Goreng
985,Nasi Goreng
986,Bakso
987,Nasi Goreng
988,Bakso
989,Nasi Goreng
990,Gado Gado
991,Nasi Goreng
992,Bakso
993,Rawon
994,Gado Gado
995,Nasi Goreng
996,Nasi Goreng
997,Nasi Goreng
998,Nasi Goreng
999,Bakso
1000,Nasi Goreng
1001,Nasi Goreng
1002,Nasi Goreng
1003,Bakso
1004,Bakso
1005,Bakso
1006,Nasi Goreng
1007,Nasi Goreng
1008,Rawon
1009,Nasi Goreng
1010,Nasi Goreng
1011,Bakso
1012,Bakso
1013,Bakso
1014,Gado Gado
1015,Bakso
1016,Nasi Goreng
1017,Bakso
1018,Nasi Goreng
1019,Gado Gado
1020,Nasi Goreng
1021,Bakso
1022,Bakso
1023,Nasi Goreng
1024,Bakso
1025,Nasi Goreng
1026,Bakso
1027,Nasi Goreng
1028,Nasi Goreng
1029,Bakso
1030,Bakso
1031,Bakso
1032,Nasi Goreng
1033,Nasi Goreng
1034,Bakso
1035,Bakso
1036,Nasi Goreng
1037,Bakso
1038,Nasi Goreng
1039,Gado Gado
1040,Rawon
1041,Nasi Goreng
1042,Bakso
1043,Bakso
1044,Bakso
1045,Nasi Goreng
1046,Bakso
1047,Bakso
1048,Bakso
1049,Bakso
1050,Nasi Goreng
1051,Bakso
1052,Bakso
1053,Bakso
1054,Bakso
1055,Bakso
1056,Nasi Goreng
1057,Bakso
1058,Rawon
1059,Nasi Goreng
1060,Nasi Goreng
1061,Gado Gado
1062,Gado Gado
1063,Bakso
1064,Rawon
1065,Nasi Goreng
1066,Bakso
1067,Bakso
1068,Bakso
1069,Bakso
1070,Bakso
1071,Gado Gado
1072,Bakso
1073,Bakso
1074,Rawon
1075,Nasi Goreng
1076,Nasi Goreng
1077,Nasi Goreng
1078,Gado Gado
1079,Gado Gado
1080,Nasi Goreng
1081,Gado Gado
1082,Gado Gado
1083,Nasi Goreng
1084,Bakso
1085,Nasi Goreng
1086,Nasi Goreng
1087,Nasi Goreng
1088,Gado Gado
1089,Bakso
1090,Bakso
1091,Nasi Goreng
1092,Nasi Goreng
1093,Gado Gado
1094,Bakso
1095,Nasi Goreng
1096,Nasi Goreng
1097,Nasi Goreng
1098,Nasi Goreng
1099,Gado Gado
1100,Rawon
1101,Nasi Goreng
1102,Bakso
1103,Rawon
1104,Nasi Goreng
1105,Bakso
1106,Bakso
1107,Bakso
1108,Bakso
1109,Nasi Goreng
1110,Rawon
1111,Nasi Goreng
1112,Nasi Goreng
1113,Nasi Goreng
1114,Nasi Goreng
1115,Nasi Goreng
1116,Bakso
1117,Gado Gado
1118,Bakso
1119,Bakso
1120,Bakso
1121,Bakso
1122,Bakso
1123,Bakso
1124,Nasi Goreng
1125,Bakso
1126,Gado Gado
1127,Bakso
1128,Nasi Goreng
1129,Bakso
1130,Bakso
1131,Nasi Goreng
1132,Bakso
1133,Bakso
1134,Nasi Goreng
1135,Nasi Goreng
1136,Gado Gado
1137,Nasi Goreng
1138,Bakso
1139,Bakso
1140,Rawon
1141,Bakso
1142,Bakso
1143,Bakso
1144,Bakso
1145,Nasi Goreng
1146,Nasi Goreng
1147,Nasi Goreng
1148,Gado Gado
1149,Bakso
1150,Rawon
1151,Bakso
1152,Bakso
1153,Bakso
1154,Nasi Goreng
1155,Gado Gado
1156,Bakso
1157,Bakso
1158,Nasi Goreng
1159,Nasi Goreng
1160,Rawon
1161,Nasi Goreng
1162,Bakso
1163,Bakso
1164,Bakso
1165,Nasi Goreng
1166,Nasi Goreng
1167,Bakso
1168,Bakso
1169,Nasi Goreng
1170,Bakso
1171,Gado Gado
1172,Bakso
1173,Bakso
1174,Bakso
1175,Bakso
1176,Gado Gado
1177,Nasi Goreng
1178,Bakso
1179,Bakso
1180,Nasi Goreng
1181,Nasi Goreng
1182,Nasi Goreng
1183,Nasi Goreng
1184,Nasi Goreng
1185,Bakso
1186,Bakso
1187,Nasi Goreng
1188,Nasi Goreng
1189,Bakso
1190,Bakso
1191,Bakso
1192,Bakso
1193,Bakso
1194,Nasi Goreng
1195,Bakso
1196,Bakso
1197,Bakso
1198,Nasi Goreng
1199,Bakso
1200,Nasi Goreng
1201,Bakso
1202,Gado Gado
1203,Nasi Goreng
1204,Nasi Goreng
1205,Nasi Goreng
1206,Gado Gado
1207,Nasi Goreng
1208,Nasi Goreng
1209,Nasi Goreng
1210,Nasi Goreng
1211,Nasi Goreng
1212,Nasi Goreng
1213,Bakso
1214,Nasi Goreng
1215,Bakso
1216,Bakso
1217,Bakso
1218,Nasi Goreng
1219,Gado Gado
1220,Nasi Goreng
1221,Bakso
1222,Bakso
1223,Nasi Goreng
1224,Nasi Goreng
1225,Rawon
1226,Gado Gado
1227,Nasi Goreng
1228,Nasi Goreng
1229,Nasi Goreng
1230,Bakso
1231,Gado Gado
1232,Rawon
1233,Nasi Goreng
1234,Bakso
1235,Bakso
1236,Rawon
1237,Bakso
1238,Nasi Goreng
1239,Nasi Goreng
1240,Bakso
1241,Bakso
1242,Bakso
1243,Nasi Goreng
1244,Gado Gado
1245,Rawon
1246,Gado Gado
1247,Bakso
1248,Bakso
1249,Nasi Goreng
1250,Nasi Goreng
1251,Nasi Goreng
1252,Nasi Goreng
1253,Bakso
1254,Gado Gado
1255,Rawon
1256,Nasi Goreng
1257,Nasi Goreng
1258,Bakso
1259,Nasi Goreng
1260,Nasi Goreng
1261,Nasi Goreng
1262,Nasi Goreng
1263,Nasi Goreng
1264,Bakso
1265,Bakso
1266,Nasi Goreng
1267,Nasi Goreng
1268,Rawon
1269,Bakso
1270,Nasi Goreng
1271,Bakso
1272,Nasi Goreng
1273,Nasi Goreng
1274,Nasi Goreng
1275,Nasi Goreng
1276,Nasi Goreng
1277,Bakso
1278,Bakso
1279,Bakso
1280,Nasi Goreng
1281,Nasi Goreng
1282,Gado Gado
1283,Nasi Goreng
1284,Nasi Goreng
1285,Gado Gado
1286,Nasi Goreng
1287,Nasi Goreng
1288,Bakso
1289,Bakso
1290,Nasi Goreng
1291,Bakso
1292,Bakso
1293,Nasi Goreng
1294,Nasi Goreng
1295,Bakso
1296,Bakso
1297,Gado Gado
1298,Nasi Goreng
1299,Nasi Goreng
1300,Nasi Goreng
1301,Nasi Goreng
1302,Bakso
1303,Nasi Goreng
1304,Nasi Goreng
1305,Bakso
1306,Bakso
1307,Bakso
1308,Nasi Goreng
1309,Nasi Goreng
1310,Bakso
1311,Nasi Goreng
1312,Bakso
1313,Nasi Goreng
1314,Bakso
1315,Nasi Goreng
1316,Nasi Goreng
1317,Rawon
1318,Nasi Goreng
1319,Rawon
1320,Bakso
1321,Bakso
1322,Bakso
1323,Nasi Goreng
1324,Bakso
1325,Gado Gado
1326,Rawon
1327,Bakso
1328,Nasi Goreng
1329,Gado Gado
1330,Bakso
1331,Nasi Goreng
1332,Nasi Goreng
1333,Bakso
1334,Bakso
1335,Bakso
1336,Nasi Goreng
1337,Rawon
1338,Bakso
1339,Rawon
1340,Nasi Goreng
1341,Gado Gado
1342,Nasi Goreng
1343,Bakso
1344,Nasi Goreng
1345,Nasi Goreng
1346,Bakso
1347,Nasi Goreng
1348,Bakso
1349,Bakso
1350,Bakso
1351,Bakso
1352,Bakso
1353,Bakso
1354,Rawon
1355,Rawon
1356,Bakso
1357,Nasi Goreng
1358,Nasi Goreng
1359,Bakso
1360,Bakso
1361,Nasi Goreng
1362,Bakso
1363,Gado Gado
1364,Nasi Goreng
1365,Nasi Goreng
1366,Bakso
1367,Bakso
1368,Bakso
1369,Bakso
1370,Nasi Goreng
1371,Rawon
1372,Nasi Goreng
1373,Nasi Goreng
1374,Rawon
1375,Bakso
1376,Nasi Goreng
1377,Gado Gado
1378,Bakso
1379,Nasi Goreng
1380,Nasi Goreng
1381,Nasi Goreng
1382,Bakso
1383,Nasi Goreng
1384,Bakso
1385,Nasi Goreng
1386,Nasi Goreng
1387,Bakso
1388,Bakso
1389,Gado Gado
1390,Bakso
1391,Nasi Goreng
1392,Nasi Goreng
1393,Bakso
1394,Bakso
1395,Nasi Goreng
1396,Nasi Goreng
1397,Bakso
1398,Nasi Goreng
1399,Nasi Goreng
1400,Bakso
1401,Bakso
1402,Rawon
1403,Nasi Goreng
1404,Bakso
1405,Bakso
1406,Bakso
1407,Bakso
1408,Nasi Goreng
1409,Gado Gado
1410,Gado Gado
1411,Bakso
1412,Nasi Goreng
1413,Nasi Goreng
1414,Nasi Goreng
1415,Gado Gado
1416,Nasi Goreng
1417,Gado Gado
1418,Nasi Goreng
1419,Bakso
1420,Bakso
1421,Bakso
1422,Bakso
1423,Bakso
1424,Bakso
1425,Bakso
1426,Nasi Goreng
1427,Nasi Goreng
1428,Nasi Goreng
1429,Bakso
1430,Gado Gado
1431,Bakso
1432,Nasi Goreng
1433,Nasi Goreng
1434,Bakso
1435,Gado Gado
1436,Bakso
1437,Rawon
1438,Bakso
1439,Nasi Goreng
1440,Nasi Goreng
1441,Gado Gado
1442,Bakso
1443,Rawon
1444,Bakso
1445,Bakso
1446,Bakso
1447,Bakso
1448,Bakso
1449,Bakso
1450,Gado Gado
1451,Gado Gado
1452,Nasi Goreng
1453,Nasi Goreng
1454,Nasi Goreng
1455,Nasi Goreng
1456,Bakso
1457,Bakso
1458,Bakso
1459,Bakso
1460,Nasi Goreng
1461,Bakso
1462,Bakso
1463,Rawon
1464,Bakso
1465,Bakso
1466,Nasi Goreng
1467,Nasi Goreng
1468,Bakso
1469,Bakso
1470,Bakso
1471,Bakso
1472,Bakso
1473,Gado Gado
1474,Nasi Goreng
1475,Nasi Goreng
1476,Rawon
1477,Nasi Goreng
1478,Bakso
1479,Gado Gado
1480,Bakso
1481,Rawon
1482,Bakso
1483,Rawon
1484,Nasi Goreng
1485,Bakso
1486,Bakso
1487,Nasi Goreng
1488,Rawon
1489,Bakso
1490,Nasi Goreng
1491,Bakso
1492,Bakso
1493,Bakso
1494,Bakso
1495,Bakso
1496,Nasi Goreng
1497,Bakso
1498,Bakso
1499,Bakso
1500,Bakso
1501,Nasi Goreng
1502,Bakso
1503,Nasi Goreng
1504,Nasi Goreng
1505,Gado Gado
1506,Rawon
1507,Bakso
1508,Bakso
1509,Bakso
1510,Nasi Goreng
1511,Bakso
1512,Nasi Goreng
1513,Nasi Goreng
1514,Gado Gado
1515,Nasi Goreng
1516,Nasi Goreng
1517,Bakso
1518,Nasi Goreng
1519,Bakso
1520,Nasi Goreng
1521,Nasi Goreng
1522,Nasi Goreng
1523,Gado Gado
1524,Nasi Goreng
1525,Bakso
1526,Nasi Goreng
1527,Nasi Goreng
1528,Nasi Goreng
1529,Bakso
1530,Nasi Goreng
1531,Bakso
1532,Bakso
1533,Nasi Goreng
1534,Rawon
1535,Gado Gado
1536,Gado Gado
1537,Nasi Goreng
1538,Bakso
1539,Nasi Goreng
1540,Rawon
1541,Bakso
1542,Rawon
1543,Nasi Goreng
1544,Nasi Goreng
1545,Gado Gado
1546,Bakso
1547,Nasi Goreng
1548,Bakso
1549,Nasi Goreng
1550,Bakso
1551,Nasi Goreng
1552,Bakso
1553,Bakso
1554,Bakso
1555,Nasi Goreng
1556,Bakso
1557,Nasi Goreng
1558,Rawon
1559,Rawon
1560,Bakso
1561,Nasi Goreng
1562,Nasi Goreng
1563,Nasi Goreng
1564,Nasi Goreng
1565,Bakso
1566,Rawon
1567,Nasi Goreng
1568,Nasi Goreng
1569,Bakso
1570,Nasi Goreng
1571,Nasi Goreng
1572,Bakso
1573,Bakso
1574,Bakso
1575,Bakso
1576,Nasi Goreng
1577,Gado Gado
1578,Nasi Goreng
1579,Bakso
1580,Nasi Goreng
1581,Nasi Goreng
1582,Nasi Goreng
1583,Nasi Goreng
1584,Bakso
1585,Bakso
1586,Gado Gado
1587,Nasi Goreng
1588,Gado Gado
1589,Bakso
1590,Bakso
1591,Bakso
1592,Nasi Goreng
1593,Nasi Goreng
1594,Gado Gado
1595,Bakso
1596,Nasi Goreng
1597,Bakso
1598,Bakso
1599,Nasi Goreng
1600,Nasi Goreng
1601,Bakso
1602,Nasi Goreng
1603,Nasi Goreng
1604,Gado Gado
1605,Bakso
1606,Bakso
1607,Rawon
1608,Gado Gado
1609,Bakso
1610,Bakso
1611,Gado Gado
1612,Nasi Goreng
1613,Nasi Goreng
1614,Bakso
1615,Nasi Goreng
1616,Bakso
1617,Bakso
1618,Nasi Goreng
1619,Bakso
1620,Nasi Goreng
1621,Nasi Goreng
1622,Nasi Goreng
1623,Nasi Goreng
1624,Bakso
1625,Nasi Goreng
1626,Bakso
1627,Nasi Goreng
1628,Gado Gado
1629,Nasi Goreng
1630,Nasi Goreng
1631,Bakso
1632,Rawon
1633,Nasi Goreng
1634,Nasi Goreng
1635,Gado Gado
1636,Rawon
1637,Bakso
1638,Bakso
1639,Nasi Goreng
1640,Bakso
1641,Bakso
1642,Nasi Goreng
1643,Bakso
1644,Gado Gado
1645,Bakso
1646,Rawon
1647,Bakso
1648,Nasi Goreng
1649,Nasi Goreng
1650,Nasi Goreng
1651,Bakso
1652,Nasi Goreng
1653,Bakso
1654,Bakso
1655,Rawon
1656,Nasi Goreng
1657,Bakso
1658,Gado Gado
1659,Bakso
1660,Gado Gado
1661,Bakso
1662,Bakso
1663,Nasi Goreng
1664,Nasi Goreng
1665,Rawon
1666,Bakso
1667,Bakso
1668,Bakso
1669,Nasi Goreng
1670,Nasi Goreng
1671,Rawon
1672,Bakso
1673,Bakso
1674,Bakso
1675,Bakso
1676,Gado Gado
1677,Bakso
1678,Bakso
1679,Nasi Goreng
1680,Bakso
1681,Nasi Goreng
1682,Nasi Goreng
1683,Rawon
1684,Bakso
1685,Nasi Goreng
1686,Bakso
1687,Bakso
1688,Bakso
1689,Nasi Goreng
1690,Bakso
1691,Nasi Goreng
1692,Gado Gado
1693,Rawon
1694,Bakso
1695,Gado Gado
1696,Bakso
1697,Bakso
1698,Nasi Goreng
1699,Rawon
1700,Nasi Goreng
1701,Gado Gado
1702,Nasi Goreng
1703,Bakso
1704,Nasi Goreng
1705,Nasi Goreng
1706,Bakso
1707,Nasi Goreng
1708,Bakso
1709,Rawon
1710,Nasi Goreng
1711,Bakso
1712,Nasi Goreng
1713,Rawon
1714,Nasi Goreng
1715,Bakso
1716,Bakso
1717,Bakso
1718,Nasi Goreng
1719,Bakso
1720,Bakso
1721,Bakso
1722,Gado Gado
1723,Nasi Goreng
1724,Nasi Goreng
1725,Bakso
1726,Bakso
1727,Bakso
1728,Rawon
1729,Bakso
1730,Nasi Goreng
1731,Bakso
1732,Bakso
1733,Nasi Goreng
1734,Bakso
1735,Bakso
1736,Gado Gado
1737,Bakso
1738,Bakso
1739,Nasi Goreng
1740,Bakso
1741,Nasi Goreng
1742,Nasi Goreng
1743,Gado Gado
1744,Nasi Goreng
1745,Bakso
1746,Bakso
1747,Bakso
1748,Bakso
1749,Nasi Goreng
1750,Rawon
1751,Bakso
1752,Bakso
1753,Bakso
1754,Bakso
1755,Nasi Goreng
1756,Nasi Goreng
1757,Nasi Goreng
1758,Gado Gado
1759,Bakso
1760,Bakso
1761,Bakso
1762,Bakso
1763,Nasi Goreng
1764,Nasi Goreng
1765,Rawon
1766,Nasi Goreng
1767,Gado Gado
1768,Bakso
1769,Nasi Goreng
1770,Nasi Goreng
1771,Nasi Goreng
1772,Bakso
1773,Gado Gado
1774,Nasi Goreng
1775,Nasi Goreng
1776,Nasi Goreng
1777,Nasi Goreng
1778,Bakso
1779,Nasi Goreng
1780,Bakso
1781,Bakso
1782,Bakso
1783,Gado Gado
1784,Gado Gado
1785,Bakso
1786,Nasi Goreng
1787,Gado Gado
1788,Nasi Goreng
1789,Gado Gado
1790,Gado Gado
1791,Nasi Goreng
1792,Bakso
1793,Nasi Goreng
1794,Nasi Goreng
1795,Gado Gado
1796,Bakso
1797,Nasi Goreng
1798,Nasi Goreng
1799,Bakso
1800,Gado Gado
1801,Nasi Goreng
1802,Nasi Goreng
1803,Nasi Goreng
1804,Gado Gado
1805,Nasi Goreng
1806,Bakso
1807,Bakso
1808,Bakso
1809,Nasi Goreng
1810,Nasi Goreng
1811,Bakso
1812,Nasi Goreng
1813,Gado Gado
1814,Nasi Goreng
1815,Nasi Goreng
1816,Nasi Goreng
1817,Bakso
1818,Nasi Goreng
1819,Bakso
1820,Rawon
1821,Bakso
1822,Nasi Goreng
1823,Rawon
1824,Bakso
1825,Bakso
1826,Gado Gado
1827,Nasi Goreng
1828,Gado Gado
1829,Bakso
1830,Bakso
1831,Rawon
1832,Nasi Goreng
1833,Bakso
1834,Nasi Goreng
1835,Bakso
1836,Gado Gado
1837,Bakso
1838,Bakso
1839,Bakso
1840,Bakso
1841,Rawon
1842,Nasi Goreng
1843,Rawon
1844,Rawon
1845,Bakso
1846,Nasi Goreng
1847,Rawon
1848,Bakso
1849,Bakso
1850,Bakso
1851,Nasi Goreng
1852,Nasi Goreng
1853,Bakso
1854,Bakso
1855,Bakso
1856,Nasi Goreng
1857,Bakso
1858,Gado Gado
1859,Nasi Goreng
1860,Bakso
1861,Gado Gado
1862,Bakso
1863,Nasi Goreng
1864,Nasi Goreng
1865,Bakso
1866,Nasi Goreng
1867,Bakso
1868,Bakso
1869,Nasi Goreng
1870,Bakso
1871,Bakso
1872,Bakso
1873,Bakso
1874,Nasi Goreng
1875,Bakso
1876,Gado Gado
1877,Nasi Goreng
1878,Bakso
1879,Nasi Goreng
1880,Nasi Goreng
1881,Nasi Goreng
1882,Gado Gado
1883,Nasi Goreng
1884,Nasi Goreng
1885,Bakso
1886,Bakso
1887,Nasi Goreng
1888,Nasi Goreng
1889,Nasi Goreng
1890,Bakso
1891,Nasi Goreng
1892,Bakso
1893,Bakso
1894,Nasi Goreng
1895,Nasi Goreng
1896,Bakso
1897,Nasi Goreng
1898,Nasi Goreng
1899,Nasi Goreng
1900,Rawon
1901,Bakso
1902,Bakso
1903,Nasi Goreng
1904,Bakso
1905,Nasi Goreng
1906,Nasi Goreng
1907,Bakso
1908,Nasi Goreng
1909,Nasi Goreng
1910,Bakso
1911,Gado Gado
1912,Bakso
1913,Bakso
1914,Nasi Goreng
1915,Bakso
1916,Nasi Goreng
1917,Nasi Goreng
1918,Bakso
1919,Bakso
1920,Rawon
1921,Bakso
1922,Bakso
1923,Gado Gado
1924,Nasi Goreng
1925,Gado Gado
1926,Nasi Goreng
1927,Bakso
1928,Nasi Goreng
1929,Bakso
1930,Bakso
1931,Nasi Goreng
1932,Bakso
1933,Nasi Goreng
1934,Nasi Goreng
1935,Bakso
1936,Bakso
1937,Rawon
1938,Nasi Goreng
1939,Bakso
1940,Nasi Goreng
1941,Rawon
1942,Bakso
1943,Bakso
1944,Nasi Goreng
1945,Nasi Goreng
1946,Bakso
1947,Nasi Goreng
1948,Rawon
1949,Rawon
1950,Nasi Goreng
1951,Bakso
1952,Bakso
1953,Nasi Goreng
1954,Nasi Goreng
1955,Bakso
1956,Gado Gado
1957,Nasi Goreng
1958,Rawon
1959,Nasi Goreng
1960,Nasi Goreng
1961,Bakso
1962,Bakso
1963,Nasi Goreng
1964,Bakso
1965,Bakso
1966,Bakso
1967,Nasi Goreng
1968,Gado Gado
1969,Nasi Goreng
1970,Bakso
1971,Bakso
1972,Rawon
1973,Bakso
1974,Nasi Goreng
1975,Bakso
1976,Nasi Goreng
1977,Bakso
1978,Bakso
1979,Gado Gado
1980,Nasi Goreng
1981,Bakso
1982,Nasi Goreng
1983,Bakso
1984,Nasi Goreng
1985,Rawon
1986,Bakso
1987,Nasi Goreng
1988,Bakso
1989,Nasi Goreng
1990,Bakso
1991,Nasi Goreng
1992,Nasi Goreng
1993,Bakso
1994,Nasi Goreng
1995,Gado Gado
1996,Gado Gado
1997,Nasi Goreng
1998,Bakso
1999,Bakso
2000,Nasi Goreng
2001,Nasi Goreng
2002,Gado Gado
2003,Bakso
2004,Bakso
2005,Nasi Goreng
2006,Bakso
2007,Bakso
2008,Nasi Goreng
2009,Nasi Goreng
2010,Nasi Goreng
2011,Gado Gado
2012,Nasi Goreng
2013,Bakso
2014,Nasi Goreng
2015,Bakso
2016,Nasi Goreng
2017,Nasi Goreng
2018,Bakso
2019,Bakso
2020,Nasi Goreng
2021,Bakso
2022,Bakso
2023,Nasi Goreng
2024,Bakso
2025,Bakso
2026,Nasi Goreng
2027,Bakso
2028,Bakso
2029,Bakso
2030,Bakso
2031,Nasi Goreng
2032,Nasi Goreng
2033,Nasi Goreng
2034,Bakso
2035,Nasi Goreng
2036,Nasi Goreng
2037,Gado Gado
2038,Bakso
2039,Nasi Goreng
2040,Nasi Goreng
2041,Bakso
2042,Bakso
2043,Nasi Goreng
2044,Bakso
2045,Bakso
2046,Bakso
2047,Bakso
2048,Nasi Goreng
2049,Nasi Goreng
2050,Bakso
2051,Rawon
2052,Bakso
2053,Gado Gado
2054,Bakso
2055,Bakso
2056,Bakso
2057,Rawon
